Document ID,Content
1,"{
   ""title"": ""Introduction to Python"",
   ""author"": ""John Doe"",
   ""date"": ""2023-01-15"",
   ""keywords"": [""Python"", ""programming"", ""beginner""],
   ""sections"": [
       {
           ""title"": ""Getting Started"",
           ""content"": ""Python is a versatile programming language...""
       },
       {
           ""title"": ""Basic Syntax"",
           ""content"": ""Python syntax is easy to understand...""
       }
   ]
}"
2,"{
   ""title"": ""Data Analysis with Pandas"",
   ""author"": ""Jane Smith"",
   ""date"": ""2023-02-20"",
   ""keywords"": [""Python"", ""Pandas"", ""data analysis""],
   ""sections"": [
       {
           ""title"": ""Introduction to Pandas"",
           ""content"": ""Pandas is a popular library for data analysis...""
       },
       {
           ""title"": ""DataFrames"",
           ""content"": ""DataFrames are a core data structure in Pandas...""
       }
   ]
}"
3,"{
   ""title"": ""Web Development with Flask"",
   ""author"": ""Mike Johnson"",
   ""date"": ""2023-03-10"",
   ""keywords"": [""Python"", ""Flask"", ""web development""],
   ""sections"": [
       {
           ""title"": ""Getting Started with Flask"",
           ""content"": ""Flask is a lightweight web framework for Python...""
       },
       {
           ""title"": ""Routing"",
           ""content"": ""Routing in Flask defines URL patterns and views...""
       }
   ]
}"
4,"{
   ""title"": ""Machine Learning with Scikit-Learn"",
   ""author"": ""Emily Davis"",
   ""date"": ""2023-04-05"",
   ""keywords"": [""Python"", ""machine learning"", ""Scikit-Learn""],
   ""sections"": [
       {
           ""title"": ""Introduction to Machine Learning"",
           ""content"": ""Machine learning is a subfield of artificial intelligence...""
       },
       {
           ""title"": ""Supervised Learning"",
           ""content"": ""Supervised learning is a type of machine learning...""
       }
   ]
}"
5,"{
   ""title"": ""Data Visualization with Matplotlib"",
   ""author"": ""Robert Clark"",
   ""date"": ""2023-05-20"",
   ""keywords"": [""Python"", ""Matplotlib"", ""data visualization""],
   ""sections"": [
       {
           ""title"": ""Introduction to Matplotlib"",
           ""content"": ""Matplotlib is a versatile library for data visualization...""
       },
       {
           ""title"": ""Creating Plots"",
           ""content"": ""Plots can be created in Matplotlib using various functions...""
       }
   ]
}"
